id,drug,co_drug,status,note
1,Acyclovir,Vancomycin,Yes,ยาสามารถผสมร่วมกันได้
2,Acyclovir,Levofloxacin,No,ห้ามผสมร่วมกัน
3,Acyclovir,Ampicillin,Unknown,Auto-filled placeholder (not yet reviewed)
4,Acyclovir,Gentamicin,Unknown,Auto-filled placeholder (not yet reviewed)
5,Acyclovir,Meropenem,Unknown,Auto-filled placeholder (not yet reviewed)
6,Acyclovir,Amphotericin B,No,ไม่สามารถใช่ร่วมกันได้
7,Acyclovir,Ceftazidime,Yes,ยาสามารถผสมร่วมกันได้
8,Acyclovir,Cefotaxime,Yes,ยาสามารถผสมร่วมกันได้
9,Acyclovir,Clindamycin,Yes,ยาสามารถผสมร่วมกันได้
10,Acyclovir,Cloxacillin,Yes,ยาสามารถผสมร่วมกันได้
11,Acyclovir,Hydrocortisone,Unknown,Auto-filled placeholder (not yet reviewed)
12,Acyclovir,Insulin Human Regular,Unknown,Auto-filled placeholder (not yet reviewed)
13,Acyclovir,Midazolam,Unknown,Auto-filled placeholder (not yet reviewed)
14,Acyclovir,Morphine,Unknown,Auto-filled placeholder (not yet reviewed)
15,Acyclovir,Remdesivir,Unknown,Auto-filled placeholder (not yet reviewed)
16,Acyclovir,Sulperazone,Unknown,Auto-filled placeholder (not yet reviewed)
17,Acyclovir,Tazocin,Unknown,Auto-filled placeholder (not yet reviewed)
18,Acyclovir,Amikacin,Yes,ยาสามารถผสมร่วมกันได้
19,Acyclovir,Aminophylline,Yes,ยาสามารถผสมร่วมกันได้
20,Acyclovir,Amoxicillin / Clavimoxy,Yes,ยาสามารถผสมร่วมกันได้
21,Acyclovir,Cefazolin,Unknown,Auto-filled placeholder (not yet reviewed)
22,Acyclovir,Colistin,Unknown,Auto-filled placeholder (not yet reviewed)
23,Acyclovir,Dexamethasone,Unknown,Auto-filled placeholder (not yet reviewed)
24,Acyclovir,Dobutamine,Unknown,Auto-filled placeholder (not yet reviewed)
25,Acyclovir,Dopamine,Unknown,Auto-filled placeholder (not yet reviewed)
26,Acyclovir,Fentanyl,Unknown,Auto-filled placeholder (not yet reviewed)
27,Acyclovir,Furosemide,Unknown,Auto-filled placeholder (not yet reviewed)
28,Acyclovir,Metronidazole (Flagyl),Unknown,Auto-filled placeholder (not yet reviewed)
29,Acyclovir,Nimbex (Cisatracurium),Unknown,Auto-filled placeholder (not yet reviewed)
30,Acyclovir,Omeprazole,Unknown,Auto-filled placeholder (not yet reviewed)
31,Acyclovir,Penicillin G sodium,Unknown,Auto-filled placeholder (not yet reviewed)
32,Acyclovir,Phenobarbital,Unknown,Auto-filled placeholder (not yet reviewed)
33,Acyclovir,Phenytoin (Dilantin),Unknown,Auto-filled placeholder (not yet reviewed)
34,Acyclovir,Sul-am®,Unknown,Auto-filled placeholder (not yet reviewed)
35,Acyclovir,Sulbactam,Unknown,Auto-filled placeholder (not yet reviewed)
36,Acyclovir,Unasyn,Unknown,Auto-filled placeholder (not yet reviewed)
37,Vancomycin,Levofloxacin,Yes,ให้ผ่านสายเดียวกันได้ (ข้อมูลทั่วไป)
38,Vancomycin,Ampicillin,Unknown,Auto-filled placeholder (not yet reviewed)
39,Vancomycin,Gentamicin,Unknown,Auto-filled placeholder (not yet reviewed)
40,Vancomycin,Meropenem,Yes,ผสมได้
41,Vancomycin,Amphotericin B,No,Auto-filled placeholder (not yet reviewed)
42,Vancomycin,Ceftazidime,No,หลีกเลี่ยงการผสม
43,Vancomycin,Cefotaxime,Uncertain,ข้อมูลไม่ชัดเจน ควรใช้ด้วยความระมัดระวัง
44,Vancomycin,Clindamycin,No,มีรายงานตกตะกอน
45,Vancomycin,Cloxacillin,Unknown,Auto-filled placeholder (not yet reviewed)
46,Vancomycin,Hydrocortisone,Unknown,ไม่พบข้อมูลยืนยัน
47,Vancomycin,Insulin Human Regular,Unknown,Auto-filled placeholder (not yet reviewed)
48,Vancomycin,Midazolam,Unknown,Auto-filled placeholder (not yet reviewed)
49,Vancomycin,Morphine,Unknown,Auto-filled placeholder (not yet reviewed)
50,Vancomycin,Remdesivir,Unknown,ไม่พบข้อมูลยืนยัน
51,Vancomycin,Sulperazone,Unknown,Auto-filled placeholder (not yet reviewed)
52,Vancomycin,Tazocin,No,แยกสายหรือ flush ให้เพียงพอ
53,Vancomycin,Amikacin,Uncertain,ตัวอย่าง U
54,Vancomycin,Aminophylline,No,ไม่เข้ากัน: ห้ามผสมยาร่วมกัน
55,Vancomycin,Amoxicillin / Clavimoxy,Unknown,Auto-filled placeholder (not yet reviewed)
56,Vancomycin,Cefazolin,Unknown,ไม่พบข้อมูลยืนยัน
57,Vancomycin,Colistin,Unknown,ไม่พบข้อมูลยืนยัน
58,Vancomycin,Dexamethasone,Unknown,Auto-filled placeholder (not yet reviewed)
59,Vancomycin,Dobutamine,Unknown,Auto-filled placeholder (not yet reviewed)
60,Vancomycin,Dopamine,Unknown,Auto-filled placeholder (not yet reviewed)
61,Vancomycin,Fentanyl,Unknown,Auto-filled placeholder (not yet reviewed)
62,Vancomycin,Furosemide,Unknown,Furosemide มี pH สูง—แยกสายถ้าไม่แน่ใจ
63,Vancomycin,Metronidazole (Flagyl),Unknown,Auto-filled placeholder (not yet reviewed)
64,Vancomycin,Nimbex (Cisatracurium),Unknown,Auto-filled placeholder (not yet reviewed)
65,Vancomycin,Omeprazole,Unknown,ไม่พบข้อมูลยืนยัน
66,Vancomycin,Penicillin G sodium,Unknown,Auto-filled placeholder (not yet reviewed)
67,Vancomycin,Phenobarbital,Unknown,Auto-filled placeholder (not yet reviewed)
68,Vancomycin,Phenytoin (Dilantin),Unknown,Auto-filled placeholder (not yet reviewed)
69,Vancomycin,Sul-am®,Unknown,Auto-filled placeholder (not yet reviewed)
70,Vancomycin,Sulbactam,Unknown,Auto-filled placeholder (not yet reviewed)
71,Vancomycin,Unasyn,Unknown,ไม่พบข้อมูลยืนยัน
72,Levofloxacin,Ampicillin,Unknown,Auto-filled placeholder (not yet reviewed)
73,Levofloxacin,Gentamicin,Yes,ไม่มีรายงาน incompatibility
74,Levofloxacin,Meropenem,Unknown,Auto-filled placeholder (not yet reviewed)
75,Levofloxacin,Amphotericin B,Unknown,Auto-filled placeholder (not yet reviewed)
76,Levofloxacin,Ceftazidime,Yes,ยาสามารถผสมร่วมกันได้
77,Levofloxacin,Cefotaxime,Uncertain,ข้อมูลไม่ชัดเจน ควรใช้ด้วยความระมัดระวัง
78,Levofloxacin,Clindamycin,Yes,ยาสามารถผสมร่วมกันได้
79,Levofloxacin,Cloxacillin,Unknown,Auto-filled placeholder (not yet reviewed)
80,Levofloxacin,Hydrocortisone,Unknown,Auto-filled placeholder (not yet reviewed)
81,Levofloxacin,Insulin Human Regular,Unknown,Auto-filled placeholder (not yet reviewed)
82,Levofloxacin,Midazolam,Unknown,Auto-filled placeholder (not yet reviewed)
83,Levofloxacin,Morphine,Unknown,Auto-filled placeholder (not yet reviewed)
84,Levofloxacin,Remdesivir,Unknown,Auto-filled placeholder (not yet reviewed)
85,Levofloxacin,Sulperazone,Unknown,Auto-filled placeholder (not yet reviewed)
86,Levofloxacin,Tazocin,Unknown,Auto-filled placeholder (not yet reviewed)
87,Levofloxacin,Amikacin,Yes,ยาสามารถผสมร่วมกันได้
88,Levofloxacin,Aminophylline,Yes,ยาสามารถผสมร่วมกันได้
89,Levofloxacin,Amoxicillin / Clavimoxy,Unknown,Auto-filled placeholder (not yet reviewed)
90,Levofloxacin,Cefazolin,Unknown,Auto-filled placeholder (not yet reviewed)
91,Levofloxacin,Colistin,Unknown,ไม่พบข้อมูลยืนยัน
92,Levofloxacin,Dexamethasone,Unknown,Auto-filled placeholder (not yet reviewed)
93,Levofloxacin,Dobutamine,Unknown,Auto-filled placeholder (not yet reviewed)
94,Levofloxacin,Dopamine,Unknown,Auto-filled placeholder (not yet reviewed)
95,Levofloxacin,Fentanyl,Unknown,Auto-filled placeholder (not yet reviewed)
96,Levofloxacin,Furosemide,Unknown,Auto-filled placeholder (not yet reviewed)
97,Levofloxacin,Metronidazole (Flagyl),Unknown,Auto-filled placeholder (not yet reviewed)
98,Levofloxacin,Nimbex (Cisatracurium),Unknown,Auto-filled placeholder (not yet reviewed)
99,Levofloxacin,Omeprazole,Unknown,Auto-filled placeholder (not yet reviewed)
100,Levofloxacin,Penicillin G sodium,Unknown,Auto-filled placeholder (not yet reviewed)
101,Levofloxacin,Phenobarbital,Unknown,Auto-filled placeholder (not yet reviewed)
102,Levofloxacin,Phenytoin (Dilantin),Unknown,Auto-filled placeholder (not yet reviewed)
103,Levofloxacin,Sul-am®,Unknown,Auto-filled placeholder (not yet reviewed)
104,Levofloxacin,Sulbactam,Unknown,Auto-filled placeholder (not yet reviewed)
105,Levofloxacin,Unasyn,Unknown,Auto-filled placeholder (not yet reviewed)
106,Ampicillin,Gentamicin,No,ไม่ควรผสมใน IV เดียวกัน
107,Ampicillin,Meropenem,Unknown,Auto-filled placeholder (not yet reviewed)
108,Ampicillin,Amphotericin B,Unknown,Auto-filled placeholder (not yet reviewed)
109,Ampicillin,Ceftazidime,Unknown,ไม่พบข้อมูลยืนยัน
110,Ampicillin,Cefotaxime,Unknown,ไม่พบข้อมูลยืนยัน
111,Ampicillin,Clindamycin,Unknown,Auto-filled placeholder (not yet reviewed)
112,Ampicillin,Cloxacillin,Unknown,Auto-filled placeholder (not yet reviewed)
113,Ampicillin,Hydrocortisone,Unknown,Auto-filled placeholder (not yet reviewed)
114,Ampicillin,Insulin Human Regular,Unknown,Auto-filled placeholder (not yet reviewed)
115,Ampicillin,Midazolam,Unknown,Auto-filled placeholder (not yet reviewed)
116,Ampicillin,Morphine,Unknown,Auto-filled placeholder (not yet reviewed)
117,Ampicillin,Remdesivir,Unknown,Auto-filled placeholder (not yet reviewed)
118,Ampicillin,Sulperazone,Unknown,Auto-filled placeholder (not yet reviewed)
119,Ampicillin,Tazocin,Unknown,Auto-filled placeholder (not yet reviewed)
120,Ampicillin,Amikacin,Unknown,ไม่มีข้อมูลแน่ชัด
121,Ampicillin,Aminophylline,Unknown,Auto-filled placeholder (not yet reviewed)
122,Ampicillin,Amoxicillin / Clavimoxy,Unknown,Auto-filled placeholder (not yet reviewed)
123,Ampicillin,Cefazolin,Unknown,Auto-filled placeholder (not yet reviewed)
124,Ampicillin,Colistin,Unknown,Auto-filled placeholder (not yet reviewed)
125,Ampicillin,Dexamethasone,Unknown,Auto-filled placeholder (not yet reviewed)
126,Ampicillin,Dobutamine,Unknown,Auto-filled placeholder (not yet reviewed)
127,Ampicillin,Dopamine,Unknown,Auto-filled placeholder (not yet reviewed)
128,Ampicillin,Fentanyl,Unknown,Auto-filled placeholder (not yet reviewed)
129,Ampicillin,Furosemide,Unknown,Auto-filled placeholder (not yet reviewed)
130,Ampicillin,Metronidazole (Flagyl),Unknown,Auto-filled placeholder (not yet reviewed)
131,Ampicillin,Nimbex (Cisatracurium),Unknown,Auto-filled placeholder (not yet reviewed)
132,Ampicillin,Omeprazole,Unknown,Auto-filled placeholder (not yet reviewed)
133,Ampicillin,Penicillin G sodium,Unknown,Auto-filled placeholder (not yet reviewed)
134,Ampicillin,Phenobarbital,Unknown,Auto-filled placeholder (not yet reviewed)
135,Ampicillin,Phenytoin (Dilantin),Unknown,Auto-filled placeholder (not yet reviewed)
136,Ampicillin,Sul-am®,Unknown,Auto-filled placeholder (not yet reviewed)
137,Ampicillin,Sulbactam,Unknown,Auto-filled placeholder (not yet reviewed)
138,Ampicillin,Unasyn,Unknown,Auto-filled placeholder (not yet reviewed)
139,Gentamicin,Meropenem,Unknown,ไม่พบข้อมูลยืนยัน
140,Gentamicin,Amphotericin B,Unknown,Auto-filled placeholder (not yet reviewed)
141,Gentamicin,Ceftazidime,Unknown,Auto-filled placeholder (not yet reviewed)
142,Gentamicin,Cefotaxime,Unknown,Auto-filled placeholder (not yet reviewed)
143,Gentamicin,Clindamycin,Unknown,Auto-filled placeholder (not yet reviewed)
144,Gentamicin,Cloxacillin,Unknown,ไม่พบข้อมูลยืนยัน
145,Gentamicin,Hydrocortisone,Unknown,Auto-filled placeholder (not yet reviewed)
146,Gentamicin,Insulin Human Regular,Unknown,Auto-filled placeholder (not yet reviewed)
147,Gentamicin,Midazolam,Unknown,Auto-filled placeholder (not yet reviewed)
148,Gentamicin,Morphine,Unknown,Auto-filled placeholder (not yet reviewed)
149,Gentamicin,Remdesivir,Unknown,Auto-filled placeholder (not yet reviewed)
150,Gentamicin,Sulperazone,Unknown,Auto-filled placeholder (not yet reviewed)
151,Gentamicin,Tazocin,Unknown,Auto-filled placeholder (not yet reviewed)
152,Gentamicin,Amikacin,Unknown,Auto-filled placeholder (not yet reviewed)
153,Gentamicin,Aminophylline,Unknown,Auto-filled placeholder (not yet reviewed)
154,Gentamicin,Amoxicillin / Clavimoxy,Unknown,Auto-filled placeholder (not yet reviewed)
155,Gentamicin,Cefazolin,Unknown,ไม่พบข้อมูลยืนยัน
156,Gentamicin,Colistin,Unknown,Auto-filled placeholder (not yet reviewed)
157,Gentamicin,Dexamethasone,Unknown,Auto-filled placeholder (not yet reviewed)
158,Gentamicin,Dobutamine,Unknown,Auto-filled placeholder (not yet reviewed)
159,Gentamicin,Dopamine,Unknown,Auto-filled placeholder (not yet reviewed)
160,Gentamicin,Fentanyl,Unknown,Auto-filled placeholder (not yet reviewed)
161,Gentamicin,Furosemide,Unknown,Auto-filled placeholder (not yet reviewed)
162,Gentamicin,Metronidazole (Flagyl),Unknown,Auto-filled placeholder (not yet reviewed)
163,Gentamicin,Nimbex (Cisatracurium),Unknown,Auto-filled placeholder (not yet reviewed)
164,Gentamicin,Omeprazole,Unknown,Auto-filled placeholder (not yet reviewed)
165,Gentamicin,Penicillin G sodium,Unknown,หลีกเลี่ยงผสมถ้าไม่จำเป็น
166,Gentamicin,Phenobarbital,Unknown,Auto-filled placeholder (not yet reviewed)
167,Gentamicin,Phenytoin (Dilantin),Unknown,Auto-filled placeholder (not yet reviewed)
168,Gentamicin,Sul-am®,Unknown,Auto-filled placeholder (not yet reviewed)
169,Gentamicin,Sulbactam,Unknown,Auto-filled placeholder (not yet reviewed)
170,Gentamicin,Unasyn,Unknown,Auto-filled placeholder (not yet reviewed)
171,Meropenem,Amphotericin B,Unknown,ไม่พบข้อมูลยืนยัน
172,Meropenem,Ceftazidime,Unknown,ไม่พบข้อมูลยืนยัน
173,Meropenem,Cefotaxime,Unknown,หลีกเลี่ยงผสมข้ามคลาส
174,Meropenem,Clindamycin,Unknown,ไม่พบข้อมูลยืนยัน
175,Meropenem,Cloxacillin,Unknown,Auto-filled placeholder (not yet reviewed)
176,Meropenem,Hydrocortisone,Unknown,Auto-filled placeholder (not yet reviewed)
177,Meropenem,Insulin Human Regular,Unknown,Auto-filled placeholder (not yet reviewed)
178,Meropenem,Midazolam,Unknown,Auto-filled placeholder (not yet reviewed)
179,Meropenem,Morphine,Unknown,Auto-filled placeholder (not yet reviewed)
180,Meropenem,Remdesivir,Unknown,Auto-filled placeholder (not yet reviewed)
181,Meropenem,Sulperazone,Unknown,Auto-filled placeholder (not yet reviewed)
182,Meropenem,Tazocin,Unknown,Auto-filled placeholder (not yet reviewed)
183,Meropenem,Amikacin,Unknown,Auto-filled placeholder (not yet reviewed)
184,Meropenem,Aminophylline,Unknown,Auto-filled placeholder (not yet reviewed)
185,Meropenem,Amoxicillin / Clavimoxy,Unknown,Auto-filled placeholder (not yet reviewed)
186,Meropenem,Cefazolin,Unknown,Auto-filled placeholder (not yet reviewed)
187,Meropenem,Colistin,Unknown,ไม่พบข้อมูลยืนยัน
188,Meropenem,Dexamethasone,Unknown,Auto-filled placeholder (not yet reviewed)
189,Meropenem,Dobutamine,Unknown,Auto-filled placeholder (not yet reviewed)
190,Meropenem,Dopamine,Unknown,Auto-filled placeholder (not yet reviewed)
191,Meropenem,Fentanyl,Unknown,Auto-filled placeholder (not yet reviewed)
192,Meropenem,Furosemide,Unknown,Auto-filled placeholder (not yet reviewed)
193,Meropenem,Metronidazole (Flagyl),Unknown,Auto-filled placeholder (not yet reviewed)
194,Meropenem,Nimbex (Cisatracurium),Unknown,Auto-filled placeholder (not yet reviewed)
195,Meropenem,Omeprazole,Unknown,Auto-filled placeholder (not yet reviewed)
196,Meropenem,Penicillin G sodium,Unknown,Auto-filled placeholder (not yet reviewed)
197,Meropenem,Phenobarbital,Unknown,Auto-filled placeholder (not yet reviewed)
198,Meropenem,Phenytoin (Dilantin),Unknown,Auto-filled placeholder (not yet reviewed)
199,Meropenem,Sul-am®,Unknown,Auto-filled placeholder (not yet reviewed)
200,Meropenem,Sulbactam,Unknown,Auto-filled placeholder (not yet reviewed)
201,Meropenem,Unasyn,Unknown,Auto-filled placeholder (not yet reviewed)
202,Amphotericin B,Ceftazidime,Unknown,ยาไวต่อ pH/ตัวทำละลาย แนะนำแยกสาย
203,Amphotericin B,Cefotaxime,Unknown,ไม่มีข้อมูลชัดเจน
204,Amphotericin B,Clindamycin,Unknown,Auto-filled placeholder (not yet reviewed)
205,Amphotericin B,Cloxacillin,Unknown,Auto-filled placeholder (not yet reviewed)
206,Amphotericin B,Hydrocortisone,Unknown,Auto-filled placeholder (not yet reviewed)
207,Amphotericin B,Insulin Human Regular,Unknown,Auto-filled placeholder (not yet reviewed)
208,Amphotericin B,Midazolam,Unknown,Auto-filled placeholder (not yet reviewed)
209,Amphotericin B,Morphine,Unknown,Auto-filled placeholder (not yet reviewed)
210,Amphotericin B,Remdesivir,Unknown,Auto-filled placeholder (not yet reviewed)
211,Amphotericin B,Sulperazone,Unknown,Auto-filled placeholder (not yet reviewed)
212,Amphotericin B,Tazocin,Unknown,Auto-filled placeholder (not yet reviewed)
213,Amphotericin B,Amikacin,No,Auto-filled placeholder (not yet reviewed)
214,Amphotericin B,Aminophylline,Unknown,Auto-filled placeholder (not yet reviewed)
215,Amphotericin B,Amoxicillin / Clavimoxy,Unknown,Auto-filled placeholder (not yet reviewed)
216,Amphotericin B,Cefazolin,Unknown,Auto-filled placeholder (not yet reviewed)
217,Amphotericin B,Colistin,Unknown,Auto-filled placeholder (not yet reviewed)
218,Amphotericin B,Dexamethasone,Unknown,Auto-filled placeholder (not yet reviewed)
219,Amphotericin B,Dobutamine,Unknown,Auto-filled placeholder (not yet reviewed)
220,Amphotericin B,Dopamine,Unknown,Auto-filled placeholder (not yet reviewed)
221,Amphotericin B,Fentanyl,Unknown,Auto-filled placeholder (not yet reviewed)
222,Amphotericin B,Furosemide,Unknown,Auto-filled placeholder (not yet reviewed)
223,Amphotericin B,Metronidazole (Flagyl),Unknown,Auto-filled placeholder (not yet reviewed)
224,Amphotericin B,Nimbex (Cisatracurium),Unknown,Auto-filled placeholder (not yet reviewed)
225,Amphotericin B,Omeprazole,Unknown,Auto-filled placeholder (not yet reviewed)
226,Amphotericin B,Penicillin G sodium,Unknown,Auto-filled placeholder (not yet reviewed)
227,Amphotericin B,Phenobarbital,Unknown,Auto-filled placeholder (not yet reviewed)
228,Amphotericin B,Phenytoin (Dilantin),Unknown,Auto-filled placeholder (not yet reviewed)
229,Amphotericin B,Sul-am®,Unknown,Auto-filled placeholder (not yet reviewed)
230,Amphotericin B,Sulbactam,Unknown,Auto-filled placeholder (not yet reviewed)
231,Amphotericin B,Unasyn,Unknown,Auto-filled placeholder (not yet reviewed)
232,Ceftazidime,Cefotaxime,No,ไม่เข้ากัน: ห้ามผสมยาร่วมกัน
233,Ceftazidime,Clindamycin,Yes,ยาสามารถผสมร่วมกันได้
234,Ceftazidime,Cloxacillin,Unknown,Auto-filled placeholder (not yet reviewed)
235,Ceftazidime,Hydrocortisone,Unknown,Auto-filled placeholder (not yet reviewed)
236,Ceftazidime,Insulin Human Regular,Unknown,Auto-filled placeholder (not yet reviewed)
237,Ceftazidime,Midazolam,Unknown,Auto-filled placeholder (not yet reviewed)
238,Ceftazidime,Morphine,Unknown,Auto-filled placeholder (not yet reviewed)
239,Ceftazidime,Remdesivir,Unknown,Auto-filled placeholder (not yet reviewed)
240,Ceftazidime,Sulperazone,Unknown,Auto-filled placeholder (not yet reviewed)
241,Ceftazidime,Tazocin,Unknown,Auto-filled placeholder (not yet reviewed)
242,Ceftazidime,Amikacin,Yes,ยาสามารถผสมร่วมกันได้
243,Ceftazidime,Aminophylline,Yes,ยาสามารถผสมร่วมกันได้
244,Ceftazidime,Amoxicillin / Clavimoxy,Unknown,Auto-filled placeholder (not yet reviewed)
245,Ceftazidime,Cefazolin,Unknown,Auto-filled placeholder (not yet reviewed)
246,Ceftazidime,Colistin,Unknown,Auto-filled placeholder (not yet reviewed)
247,Ceftazidime,Dexamethasone,Unknown,Auto-filled placeholder (not yet reviewed)
248,Ceftazidime,Dobutamine,Unknown,Auto-filled placeholder (not yet reviewed)
249,Ceftazidime,Dopamine,Unknown,Auto-filled placeholder (not yet reviewed)
250,Ceftazidime,Fentanyl,Unknown,Auto-filled placeholder (not yet reviewed)
251,Ceftazidime,Furosemide,Unknown,Auto-filled placeholder (not yet reviewed)
252,Ceftazidime,Metronidazole (Flagyl),Unknown,Auto-filled placeholder (not yet reviewed)
253,Ceftazidime,Nimbex (Cisatracurium),Unknown,Auto-filled placeholder (not yet reviewed)
254,Ceftazidime,Omeprazole,Unknown,Auto-filled placeholder (not yet reviewed)
255,Ceftazidime,Penicillin G sodium,Unknown,Auto-filled placeholder (not yet reviewed)
256,Ceftazidime,Phenobarbital,Unknown,Auto-filled placeholder (not yet reviewed)
257,Ceftazidime,Phenytoin (Dilantin),Unknown,Auto-filled placeholder (not yet reviewed)
258,Ceftazidime,Sul-am®,Unknown,Auto-filled placeholder (not yet reviewed)
259,Ceftazidime,Sulbactam,Unknown,Auto-filled placeholder (not yet reviewed)
260,Ceftazidime,Unasyn,Unknown,Auto-filled placeholder (not yet reviewed)
261,Cefotaxime,Clindamycin,Yes,ยาสามารถผสมร่วมกันได้
262,Cefotaxime,Cloxacillin,Unknown,Auto-filled placeholder (not yet reviewed)
263,Cefotaxime,Hydrocortisone,Unknown,Auto-filled placeholder (not yet reviewed)
264,Cefotaxime,Insulin Human Regular,Unknown,Auto-filled placeholder (not yet reviewed)
265,Cefotaxime,Midazolam,Unknown,Auto-filled placeholder (not yet reviewed)
266,Cefotaxime,Morphine,Unknown,Auto-filled placeholder (not yet reviewed)
267,Cefotaxime,Remdesivir,Unknown,Auto-filled placeholder (not yet reviewed)
268,Cefotaxime,Sulperazone,Unknown,Auto-filled placeholder (not yet reviewed)
269,Cefotaxime,Tazocin,Unknown,Auto-filled placeholder (not yet reviewed)
270,Cefotaxime,Amikacin,Yes,ยาสามารถผสมร่วมกันได้
271,Cefotaxime,Aminophylline,Yes,ยาสามารถผสมร่วมกันได้
272,Cefotaxime,Amoxicillin / Clavimoxy,Unknown,Auto-filled placeholder (not yet reviewed)
273,Cefotaxime,Cefazolin,Unknown,Auto-filled placeholder (not yet reviewed)
274,Cefotaxime,Colistin,Unknown,Auto-filled placeholder (not yet reviewed)
275,Cefotaxime,Dexamethasone,Unknown,Auto-filled placeholder (not yet reviewed)
276,Cefotaxime,Dobutamine,Unknown,Auto-filled placeholder (not yet reviewed)
277,Cefotaxime,Dopamine,Unknown,Auto-filled placeholder (not yet reviewed)
278,Cefotaxime,Fentanyl,Unknown,Auto-filled placeholder (not yet reviewed)
279,Cefotaxime,Furosemide,Unknown,Auto-filled placeholder (not yet reviewed)
280,Cefotaxime,Metronidazole (Flagyl),Unknown,Auto-filled placeholder (not yet reviewed)
281,Cefotaxime,Nimbex (Cisatracurium),Unknown,Auto-filled placeholder (not yet reviewed)
282,Cefotaxime,Omeprazole,Unknown,Auto-filled placeholder (not yet reviewed)
283,Cefotaxime,Penicillin G sodium,Unknown,Auto-filled placeholder (not yet reviewed)
284,Cefotaxime,Phenobarbital,Unknown,Auto-filled placeholder (not yet reviewed)
285,Cefotaxime,Phenytoin (Dilantin),Unknown,Auto-filled placeholder (not yet reviewed)
286,Cefotaxime,Sul-am®,Unknown,Auto-filled placeholder (not yet reviewed)
287,Cefotaxime,Sulbactam,Unknown,Auto-filled placeholder (not yet reviewed)
288,Cefotaxime,Unasyn,Unknown,Auto-filled placeholder (not yet reviewed)
289,Clindamycin,Cloxacillin,Unknown,Auto-filled placeholder (not yet reviewed)
290,Clindamycin,Hydrocortisone,Unknown,Auto-filled placeholder (not yet reviewed)
291,Clindamycin,Insulin Human Regular,Unknown,Auto-filled placeholder (not yet reviewed)
292,Clindamycin,Midazolam,Unknown,Auto-filled placeholder (not yet reviewed)
293,Clindamycin,Morphine,Unknown,Auto-filled placeholder (not yet reviewed)
294,Clindamycin,Remdesivir,Unknown,Auto-filled placeholder (not yet reviewed)
295,Clindamycin,Sulperazone,Unknown,Auto-filled placeholder (not yet reviewed)
296,Clindamycin,Tazocin,Unknown,Auto-filled placeholder (not yet reviewed)
297,Clindamycin,Amikacin,Yes,ยาสามารถผสมร่วมกันได้
298,Clindamycin,Aminophylline,Yes,ยาสามารถผสมร่วมกันได้
299,Clindamycin,Amoxicillin / Clavimoxy,Unknown,Auto-filled placeholder (not yet reviewed)
300,Clindamycin,Cefazolin,Unknown,Auto-filled placeholder (not yet reviewed)
301,Clindamycin,Colistin,Unknown,Auto-filled placeholder (not yet reviewed)
302,Clindamycin,Dexamethasone,Unknown,Auto-filled placeholder (not yet reviewed)
303,Clindamycin,Dobutamine,Unknown,Auto-filled placeholder (not yet reviewed)
304,Clindamycin,Dopamine,Unknown,Auto-filled placeholder (not yet reviewed)
305,Clindamycin,Fentanyl,Unknown,Auto-filled placeholder (not yet reviewed)
306,Clindamycin,Furosemide,Unknown,Auto-filled placeholder (not yet reviewed)
307,Clindamycin,Metronidazole (Flagyl),Unknown,Auto-filled placeholder (not yet reviewed)
308,Clindamycin,Nimbex (Cisatracurium),Unknown,Auto-filled placeholder (not yet reviewed)
309,Clindamycin,Omeprazole,Unknown,Auto-filled placeholder (not yet reviewed)
310,Clindamycin,Penicillin G sodium,Unknown,Auto-filled placeholder (not yet reviewed)
311,Clindamycin,Phenobarbital,Unknown,Auto-filled placeholder (not yet reviewed)
312,Clindamycin,Phenytoin (Dilantin),Unknown,Auto-filled placeholder (not yet reviewed)
313,Clindamycin,Sul-am®,Unknown,Auto-filled placeholder (not yet reviewed)
314,Clindamycin,Sulbactam,Unknown,Auto-filled placeholder (not yet reviewed)
315,Clindamycin,Unasyn,Unknown,Auto-filled placeholder (not yet reviewed)
316,Cloxacillin,Hydrocortisone,Unknown,Auto-filled placeholder (not yet reviewed)
317,Cloxacillin,Insulin Human Regular,Unknown,Auto-filled placeholder (not yet reviewed)
318,Cloxacillin,Midazolam,Unknown,Auto-filled placeholder (not yet reviewed)
319,Cloxacillin,Morphine,Unknown,Auto-filled placeholder (not yet reviewed)
320,Cloxacillin,Remdesivir,Unknown,Auto-filled placeholder (not yet reviewed)
321,Cloxacillin,Sulperazone,Unknown,Auto-filled placeholder (not yet reviewed)
322,Cloxacillin,Tazocin,Unknown,Auto-filled placeholder (not yet reviewed)
323,Cloxacillin,Amikacin,Unknown,Auto-filled placeholder (not yet reviewed)
324,Cloxacillin,Aminophylline,Unknown,Auto-filled placeholder (not yet reviewed)
325,Cloxacillin,Amoxicillin / Clavimoxy,Unknown,Auto-filled placeholder (not yet reviewed)
326,Cloxacillin,Cefazolin,Unknown,Auto-filled placeholder (not yet reviewed)
327,Cloxacillin,Colistin,Unknown,Auto-filled placeholder (not yet reviewed)
328,Cloxacillin,Dexamethasone,Unknown,Auto-filled placeholder (not yet reviewed)
329,Cloxacillin,Dobutamine,Unknown,Auto-filled placeholder (not yet reviewed)
330,Cloxacillin,Dopamine,Unknown,Auto-filled placeholder (not yet reviewed)
331,Cloxacillin,Fentanyl,Unknown,Auto-filled placeholder (not yet reviewed)
332,Cloxacillin,Furosemide,Unknown,Auto-filled placeholder (not yet reviewed)
333,Cloxacillin,Metronidazole (Flagyl),Unknown,Auto-filled placeholder (not yet reviewed)
334,Cloxacillin,Nimbex (Cisatracurium),Unknown,Auto-filled placeholder (not yet reviewed)
335,Cloxacillin,Omeprazole,Unknown,Auto-filled placeholder (not yet reviewed)
336,Cloxacillin,Penicillin G sodium,Unknown,Auto-filled placeholder (not yet reviewed)
337,Cloxacillin,Phenobarbital,Unknown,Auto-filled placeholder (not yet reviewed)
338,Cloxacillin,Phenytoin (Dilantin),Unknown,Auto-filled placeholder (not yet reviewed)
339,Cloxacillin,Sul-am®,Unknown,Auto-filled placeholder (not yet reviewed)
340,Cloxacillin,Sulbactam,Unknown,Auto-filled placeholder (not yet reviewed)
341,Cloxacillin,Unasyn,Unknown,Auto-filled placeholder (not yet reviewed)
342,Hydrocortisone,Insulin Human Regular,Unknown,พิจารณาให้แยกสาย
343,Hydrocortisone,Midazolam,Unknown,Auto-filled placeholder (not yet reviewed)
344,Hydrocortisone,Morphine,Unknown,Auto-filled placeholder (not yet reviewed)
345,Hydrocortisone,Remdesivir,Unknown,Auto-filled placeholder (not yet reviewed)
346,Hydrocortisone,Sulperazone,Unknown,Auto-filled placeholder (not yet reviewed)
347,Hydrocortisone,Tazocin,Unknown,Auto-filled placeholder (not yet reviewed)
348,Hydrocortisone,Amikacin,Unknown,Auto-filled placeholder (not yet reviewed)
349,Hydrocortisone,Aminophylline,Unknown,Auto-filled placeholder (not yet reviewed)
350,Hydrocortisone,Amoxicillin / Clavimoxy,Unknown,Auto-filled placeholder (not yet reviewed)
351,Hydrocortisone,Cefazolin,Unknown,Auto-filled placeholder (not yet reviewed)
352,Hydrocortisone,Colistin,Unknown,Auto-filled placeholder (not yet reviewed)
353,Hydrocortisone,Dexamethasone,Unknown,สเตียรอยด์ร่วม—ไม่มีข้อมูล Y-site
354,Hydrocortisone,Dobutamine,Unknown,Auto-filled placeholder (not yet reviewed)
355,Hydrocortisone,Dopamine,Unknown,Auto-filled placeholder (not yet reviewed)
356,Hydrocortisone,Fentanyl,Unknown,Auto-filled placeholder (not yet reviewed)
357,Hydrocortisone,Furosemide,Unknown,Auto-filled placeholder (not yet reviewed)
358,Hydrocortisone,Metronidazole (Flagyl),Unknown,Auto-filled placeholder (not yet reviewed)
359,Hydrocortisone,Nimbex (Cisatracurium),Unknown,Auto-filled placeholder (not yet reviewed)
360,Hydrocortisone,Omeprazole,Unknown,Auto-filled placeholder (not yet reviewed)
361,Hydrocortisone,Penicillin G sodium,Unknown,Auto-filled placeholder (not yet reviewed)
362,Hydrocortisone,Phenobarbital,Unknown,Auto-filled placeholder (not yet reviewed)
363,Hydrocortisone,Phenytoin (Dilantin),Unknown,Auto-filled placeholder (not yet reviewed)
364,Hydrocortisone,Sul-am®,Unknown,Auto-filled placeholder (not yet reviewed)
365,Hydrocortisone,Sulbactam,Unknown,Auto-filled placeholder (not yet reviewed)
366,Hydrocortisone,Unasyn,Unknown,Auto-filled placeholder (not yet reviewed)
367,Insulin Human Regular,Midazolam,Unknown,Auto-filled placeholder (not yet reviewed)
368,Insulin Human Regular,Morphine,Unknown,Auto-filled placeholder (not yet reviewed)
369,Insulin Human Regular,Remdesivir,Unknown,Auto-filled placeholder (not yet reviewed)
370,Insulin Human Regular,Sulperazone,Unknown,Auto-filled placeholder (not yet reviewed)
371,Insulin Human Regular,Tazocin,Unknown,Auto-filled placeholder (not yet reviewed)
372,Insulin Human Regular,Amikacin,Unknown,Auto-filled placeholder (not yet reviewed)
373,Insulin Human Regular,Aminophylline,Unknown,Auto-filled placeholder (not yet reviewed)
374,Insulin Human Regular,Amoxicillin / Clavimoxy,Unknown,Auto-filled placeholder (not yet reviewed)
375,Insulin Human Regular,Cefazolin,Unknown,Auto-filled placeholder (not yet reviewed)
376,Insulin Human Regular,Colistin,Unknown,Auto-filled placeholder (not yet reviewed)
377,Insulin Human Regular,Dexamethasone,Unknown,Auto-filled placeholder (not yet reviewed)
378,Insulin Human Regular,Dobutamine,Unknown,Auto-filled placeholder (not yet reviewed)
379,Insulin Human Regular,Dopamine,Unknown,Auto-filled placeholder (not yet reviewed)
380,Insulin Human Regular,Fentanyl,Unknown,Auto-filled placeholder (not yet reviewed)
381,Insulin Human Regular,Furosemide,Unknown,Auto-filled placeholder (not yet reviewed)
382,Insulin Human Regular,Metronidazole (Flagyl),Unknown,Auto-filled placeholder (not yet reviewed)
383,Insulin Human Regular,Nimbex (Cisatracurium),Unknown,Auto-filled placeholder (not yet reviewed)
384,Insulin Human Regular,Omeprazole,Unknown,Auto-filled placeholder (not yet reviewed)
385,Insulin Human Regular,Penicillin G sodium,Unknown,Auto-filled placeholder (not yet reviewed)
386,Insulin Human Regular,Phenobarbital,Unknown,Auto-filled placeholder (not yet reviewed)
387,Insulin Human Regular,Phenytoin (Dilantin),Unknown,Auto-filled placeholder (not yet reviewed)
388,Insulin Human Regular,Sul-am®,Unknown,Auto-filled placeholder (not yet reviewed)
389,Insulin Human Regular,Sulbactam,Unknown,Auto-filled placeholder (not yet reviewed)
390,Insulin Human Regular,Unasyn,Unknown,Auto-filled placeholder (not yet reviewed)
391,Midazolam,Morphine,Yes,ใช้ร่วมกันได้แต่ควรดูเสถียรภาพ
392,Midazolam,Remdesivir,Unknown,Auto-filled placeholder (not yet reviewed)
393,Midazolam,Sulperazone,Unknown,Auto-filled placeholder (not yet reviewed)
394,Midazolam,Tazocin,Unknown,Auto-filled placeholder (not yet reviewed)
395,Midazolam,Amikacin,Unknown,Auto-filled placeholder (not yet reviewed)
396,Midazolam,Aminophylline,Unknown,Auto-filled placeholder (not yet reviewed)
397,Midazolam,Amoxicillin / Clavimoxy,Unknown,Auto-filled placeholder (not yet reviewed)
398,Midazolam,Cefazolin,Unknown,Auto-filled placeholder (not yet reviewed)
399,Midazolam,Colistin,Unknown,Auto-filled placeholder (not yet reviewed)
400,Midazolam,Dexamethasone,Unknown,Auto-filled placeholder (not yet reviewed)
401,Midazolam,Dobutamine,Unknown,Auto-filled placeholder (not yet reviewed)
402,Midazolam,Dopamine,Unknown,Auto-filled placeholder (not yet reviewed)
403,Midazolam,Fentanyl,Yes,มักให้ร่วมกันในการ sedation (ควรคนละ syringe/line)
404,Midazolam,Furosemide,Unknown,Auto-filled placeholder (not yet reviewed)
405,Midazolam,Metronidazole (Flagyl),Unknown,Auto-filled placeholder (not yet reviewed)
406,Midazolam,Nimbex (Cisatracurium),Unknown,Auto-filled placeholder (not yet reviewed)
407,Midazolam,Omeprazole,Unknown,Auto-filled placeholder (not yet reviewed)
408,Midazolam,Penicillin G sodium,Unknown,Auto-filled placeholder (not yet reviewed)
409,Midazolam,Phenobarbital,Unknown,ยากด CNS—ควรแยกให้
410,Midazolam,Phenytoin (Dilantin),Unknown,Auto-filled placeholder (not yet reviewed)
411,Midazolam,Sul-am®,Unknown,Auto-filled placeholder (not yet reviewed)
412,Midazolam,Sulbactam,Unknown,Auto-filled placeholder (not yet reviewed)
413,Midazolam,Unasyn,Unknown,Auto-filled placeholder (not yet reviewed)
414,Morphine,Remdesivir,Unknown,Auto-filled placeholder (not yet reviewed)
415,Morphine,Sulperazone,Unknown,Auto-filled placeholder (not yet reviewed)
416,Morphine,Tazocin,Unknown,Auto-filled placeholder (not yet reviewed)
417,Morphine,Amikacin,Unknown,Auto-filled placeholder (not yet reviewed)
418,Morphine,Aminophylline,Unknown,Auto-filled placeholder (not yet reviewed)
419,Morphine,Amoxicillin / Clavimoxy,Unknown,Auto-filled placeholder (not yet reviewed)
420,Morphine,Cefazolin,Unknown,Auto-filled placeholder (not yet reviewed)
421,Morphine,Colistin,Unknown,Auto-filled placeholder (not yet reviewed)
422,Morphine,Dexamethasone,Unknown,Auto-filled placeholder (not yet reviewed)
423,Morphine,Dobutamine,Unknown,Auto-filled placeholder (not yet reviewed)
424,Morphine,Dopamine,Unknown,Auto-filled placeholder (not yet reviewed)
425,Morphine,Fentanyl,Unknown,โอปิออยด์ร่วม—แนะนำแยกให้
426,Morphine,Furosemide,Unknown,Auto-filled placeholder (not yet reviewed)
427,Morphine,Metronidazole (Flagyl),Unknown,Auto-filled placeholder (not yet reviewed)
428,Morphine,Nimbex (Cisatracurium),Unknown,Auto-filled placeholder (not yet reviewed)
429,Morphine,Omeprazole,Unknown,Auto-filled placeholder (not yet reviewed)
430,Morphine,Penicillin G sodium,Unknown,Auto-filled placeholder (not yet reviewed)
431,Morphine,Phenobarbital,Unknown,Auto-filled placeholder (not yet reviewed)
432,Morphine,Phenytoin (Dilantin),Unknown,Auto-filled placeholder (not yet reviewed)
433,Morphine,Sul-am®,Unknown,Auto-filled placeholder (not yet reviewed)
434,Morphine,Sulbactam,Unknown,Auto-filled placeholder (not yet reviewed)
435,Morphine,Unasyn,Unknown,Auto-filled placeholder (not yet reviewed)
436,Remdesivir,Sulperazone,Unknown,Auto-filled placeholder (not yet reviewed)
437,Remdesivir,Tazocin,Unknown,Auto-filled placeholder (not yet reviewed)
438,Remdesivir,Amikacin,Unknown,Auto-filled placeholder (not yet reviewed)
439,Remdesivir,Aminophylline,Unknown,Auto-filled placeholder (not yet reviewed)
440,Remdesivir,Amoxicillin / Clavimoxy,Unknown,Auto-filled placeholder (not yet reviewed)
441,Remdesivir,Cefazolin,Unknown,Auto-filled placeholder (not yet reviewed)
442,Remdesivir,Colistin,Unknown,Auto-filled placeholder (not yet reviewed)
443,Remdesivir,Dexamethasone,Unknown,Auto-filled placeholder (not yet reviewed)
444,Remdesivir,Dobutamine,Unknown,Auto-filled placeholder (not yet reviewed)
445,Remdesivir,Dopamine,Unknown,Auto-filled placeholder (not yet reviewed)
446,Remdesivir,Fentanyl,Unknown,Auto-filled placeholder (not yet reviewed)
447,Remdesivir,Furosemide,Unknown,Auto-filled placeholder (not yet reviewed)
448,Remdesivir,Metronidazole (Flagyl),Unknown,Auto-filled placeholder (not yet reviewed)
449,Remdesivir,Nimbex (Cisatracurium),Unknown,Auto-filled placeholder (not yet reviewed)
450,Remdesivir,Omeprazole,Unknown,Auto-filled placeholder (not yet reviewed)
451,Remdesivir,Penicillin G sodium,Unknown,Auto-filled placeholder (not yet reviewed)
452,Remdesivir,Phenobarbital,Unknown,Auto-filled placeholder (not yet reviewed)
453,Remdesivir,Phenytoin (Dilantin),Unknown,Auto-filled placeholder (not yet reviewed)
454,Remdesivir,Sul-am®,Unknown,Auto-filled placeholder (not yet reviewed)
455,Remdesivir,Sulbactam,Unknown,Auto-filled placeholder (not yet reviewed)
456,Remdesivir,Unasyn,Unknown,Auto-filled placeholder (not yet reviewed)
457,Sulperazone,Tazocin,Unknown,Auto-filled placeholder (not yet reviewed)
458,Sulperazone,Amikacin,Unknown,Auto-filled placeholder (not yet reviewed)
459,Sulperazone,Aminophylline,Unknown,Auto-filled placeholder (not yet reviewed)
460,Sulperazone,Amoxicillin / Clavimoxy,Unknown,Auto-filled placeholder (not yet reviewed)
461,Sulperazone,Cefazolin,Unknown,Auto-filled placeholder (not yet reviewed)
462,Sulperazone,Colistin,Unknown,Auto-filled placeholder (not yet reviewed)
463,Sulperazone,Dexamethasone,Unknown,Auto-filled placeholder (not yet reviewed)
464,Sulperazone,Dobutamine,Unknown,Auto-filled placeholder (not yet reviewed)
465,Sulperazone,Dopamine,Unknown,Auto-filled placeholder (not yet reviewed)
466,Sulperazone,Fentanyl,Unknown,Auto-filled placeholder (not yet reviewed)
467,Sulperazone,Furosemide,Unknown,Auto-filled placeholder (not yet reviewed)
468,Sulperazone,Metronidazole (Flagyl),Unknown,Auto-filled placeholder (not yet reviewed)
469,Sulperazone,Nimbex (Cisatracurium),Unknown,Auto-filled placeholder (not yet reviewed)
470,Sulperazone,Omeprazole,Unknown,Auto-filled placeholder (not yet reviewed)
471,Sulperazone,Penicillin G sodium,Unknown,Auto-filled placeholder (not yet reviewed)
472,Sulperazone,Phenobarbital,Unknown,Auto-filled placeholder (not yet reviewed)
473,Sulperazone,Phenytoin (Dilantin),Unknown,Auto-filled placeholder (not yet reviewed)
474,Sulperazone,Sul-am®,Unknown,Auto-filled placeholder (not yet reviewed)
475,Sulperazone,Sulbactam,Unknown,Auto-filled placeholder (not yet reviewed)
476,Sulperazone,Unasyn,Unknown,Auto-filled placeholder (not yet reviewed)
477,Tazocin,Amikacin,Unknown,Auto-filled placeholder (not yet reviewed)
478,Tazocin,Aminophylline,Unknown,Auto-filled placeholder (not yet reviewed)
479,Tazocin,Amoxicillin / Clavimoxy,Unknown,Auto-filled placeholder (not yet reviewed)
480,Tazocin,Cefazolin,Unknown,Auto-filled placeholder (not yet reviewed)
481,Tazocin,Colistin,Unknown,Auto-filled placeholder (not yet reviewed)
482,Tazocin,Dexamethasone,Unknown,Auto-filled placeholder (not yet reviewed)
483,Tazocin,Dobutamine,Unknown,Auto-filled placeholder (not yet reviewed)
484,Tazocin,Dopamine,Unknown,Auto-filled placeholder (not yet reviewed)
485,Tazocin,Fentanyl,Unknown,Auto-filled placeholder (not yet reviewed)
486,Tazocin,Furosemide,Unknown,Auto-filled placeholder (not yet reviewed)
487,Tazocin,Metronidazole (Flagyl),Unknown,Auto-filled placeholder (not yet reviewed)
488,Tazocin,Nimbex (Cisatracurium),Unknown,Auto-filled placeholder (not yet reviewed)
489,Tazocin,Omeprazole,Unknown,Auto-filled placeholder (not yet reviewed)
490,Tazocin,Penicillin G sodium,Unknown,Auto-filled placeholder (not yet reviewed)
491,Tazocin,Phenobarbital,Unknown,Auto-filled placeholder (not yet reviewed)
492,Tazocin,Phenytoin (Dilantin),Unknown,Auto-filled placeholder (not yet reviewed)
493,Tazocin,Sul-am®,Unknown,Auto-filled placeholder (not yet reviewed)
494,Tazocin,Sulbactam,Unknown,Auto-filled placeholder (not yet reviewed)
495,Tazocin,Unasyn,Unknown,Auto-filled placeholder (not yet reviewed)
496,Amikacin,Aminophylline,Yes,ยาสามารถผสมร่วมกันได้
497,Amikacin,Amoxicillin / Clavimoxy,Unknown,Auto-filled placeholder (not yet reviewed)
498,Amikacin,Cefazolin,Unknown,Auto-filled placeholder (not yet reviewed)
499,Amikacin,Colistin,Unknown,Auto-filled placeholder (not yet reviewed)
500,Amikacin,Dexamethasone,Unknown,Auto-filled placeholder (not yet reviewed)
501,Amikacin,Dobutamine,Unknown,Auto-filled placeholder (not yet reviewed)
502,Amikacin,Dopamine,Unknown,Auto-filled placeholder (not yet reviewed)
503,Amikacin,Fentanyl,Unknown,Auto-filled placeholder (not yet reviewed)
504,Amikacin,Furosemide,Unknown,Auto-filled placeholder (not yet reviewed)
505,Amikacin,Metronidazole (Flagyl),Unknown,Auto-filled placeholder (not yet reviewed)
506,Amikacin,Nimbex (Cisatracurium),Unknown,Auto-filled placeholder (not yet reviewed)
507,Amikacin,Omeprazole,Unknown,Auto-filled placeholder (not yet reviewed)
508,Amikacin,Penicillin G sodium,Unknown,Auto-filled placeholder (not yet reviewed)
509,Amikacin,Phenobarbital,Unknown,Auto-filled placeholder (not yet reviewed)
510,Amikacin,Phenytoin (Dilantin),Unknown,Auto-filled placeholder (not yet reviewed)
511,Amikacin,Sul-am®,Unknown,Auto-filled placeholder (not yet reviewed)
512,Amikacin,Sulbactam,Unknown,Auto-filled placeholder (not yet reviewed)
513,Amikacin,Unasyn,Unknown,Auto-filled placeholder (not yet reviewed)
514,Aminophylline,Amoxicillin / Clavimoxy,Unknown,Auto-filled placeholder (not yet reviewed)
515,Aminophylline,Cefazolin,Unknown,Auto-filled placeholder (not yet reviewed)
516,Aminophylline,Colistin,Unknown,Auto-filled placeholder (not yet reviewed)
517,Aminophylline,Dexamethasone,Unknown,Auto-filled placeholder (not yet reviewed)
518,Aminophylline,Dobutamine,Unknown,Auto-filled placeholder (not yet reviewed)
519,Aminophylline,Dopamine,Unknown,Auto-filled placeholder (not yet reviewed)
520,Aminophylline,Fentanyl,Unknown,Auto-filled placeholder (not yet reviewed)
521,Aminophylline,Furosemide,Unknown,Auto-filled placeholder (not yet reviewed)
522,Aminophylline,Metronidazole (Flagyl),Unknown,Auto-filled placeholder (not yet reviewed)
523,Aminophylline,Nimbex (Cisatracurium),Unknown,Auto-filled placeholder (not yet reviewed)
524,Aminophylline,Omeprazole,Unknown,Auto-filled placeholder (not yet reviewed)
525,Aminophylline,Penicillin G sodium,Unknown,Auto-filled placeholder (not yet reviewed)
526,Aminophylline,Phenobarbital,Unknown,Auto-filled placeholder (not yet reviewed)
527,Aminophylline,Phenytoin (Dilantin),Unknown,Auto-filled placeholder (not yet reviewed)
528,Aminophylline,Sul-am®,Unknown,Auto-filled placeholder (not yet reviewed)
529,Aminophylline,Sulbactam,Unknown,Auto-filled placeholder (not yet reviewed)
530,Aminophylline,Unasyn,Unknown,Auto-filled placeholder (not yet reviewed)
531,Amoxicillin / Clavimoxy,Cefazolin,Unknown,Auto-filled placeholder (not yet reviewed)
532,Amoxicillin / Clavimoxy,Colistin,Unknown,Auto-filled placeholder (not yet reviewed)
533,Amoxicillin / Clavimoxy,Dexamethasone,Unknown,Auto-filled placeholder (not yet reviewed)
534,Amoxicillin / Clavimoxy,Dobutamine,Unknown,Auto-filled placeholder (not yet reviewed)
535,Amoxicillin / Clavimoxy,Dopamine,Unknown,Auto-filled placeholder (not yet reviewed)
536,Amoxicillin / Clavimoxy,Fentanyl,Unknown,Auto-filled placeholder (not yet reviewed)
537,Amoxicillin / Clavimoxy,Furosemide,Unknown,Auto-filled placeholder (not yet reviewed)
538,Amoxicillin / Clavimoxy,Metronidazole (Flagyl),Unknown,Auto-filled placeholder (not yet reviewed)
539,Amoxicillin / Clavimoxy,Nimbex (Cisatracurium),Unknown,Auto-filled placeholder (not yet reviewed)
540,Amoxicillin / Clavimoxy,Omeprazole,Unknown,Auto-filled placeholder (not yet reviewed)
541,Amoxicillin / Clavimoxy,Penicillin G sodium,Unknown,Auto-filled placeholder (not yet reviewed)
542,Amoxicillin / Clavimoxy,Phenobarbital,Unknown,Auto-filled placeholder (not yet reviewed)
543,Amoxicillin / Clavimoxy,Phenytoin (Dilantin),Unknown,Auto-filled placeholder (not yet reviewed)
544,Amoxicillin / Clavimoxy,Sul-am®,Unknown,Auto-filled placeholder (not yet reviewed)
545,Amoxicillin / Clavimoxy,Sulbactam,Unknown,Auto-filled placeholder (not yet reviewed)
546,Amoxicillin / Clavimoxy,Unasyn,Unknown,Auto-filled placeholder (not yet reviewed)
547,Cefazolin,Colistin,Unknown,Auto-filled placeholder (not yet reviewed)
548,Cefazolin,Dexamethasone,Unknown,Auto-filled placeholder (not yet reviewed)
549,Cefazolin,Dobutamine,Unknown,Auto-filled placeholder (not yet reviewed)
550,Cefazolin,Dopamine,Unknown,Auto-filled placeholder (not yet reviewed)
551,Cefazolin,Fentanyl,Unknown,Auto-filled placeholder (not yet reviewed)
552,Cefazolin,Furosemide,Unknown,Auto-filled placeholder (not yet reviewed)
553,Cefazolin,Metronidazole (Flagyl),Unknown,Auto-filled placeholder (not yet reviewed)
554,Cefazolin,Nimbex (Cisatracurium),Unknown,Auto-filled placeholder (not yet reviewed)
555,Cefazolin,Omeprazole,Unknown,Auto-filled placeholder (not yet reviewed)
556,Cefazolin,Penicillin G sodium,Unknown,Auto-filled placeholder (not yet reviewed)
557,Cefazolin,Phenobarbital,Unknown,Auto-filled placeholder (not yet reviewed)
558,Cefazolin,Phenytoin (Dilantin),Unknown,Auto-filled placeholder (not yet reviewed)
559,Cefazolin,Sul-am®,Unknown,Auto-filled placeholder (not yet reviewed)
560,Cefazolin,Sulbactam,Unknown,Auto-filled placeholder (not yet reviewed)
561,Cefazolin,Unasyn,Unknown,Auto-filled placeholder (not yet reviewed)
562,Colistin,Dexamethasone,Unknown,Auto-filled placeholder (not yet reviewed)
563,Colistin,Dobutamine,Unknown,Auto-filled placeholder (not yet reviewed)
564,Colistin,Dopamine,Unknown,Auto-filled placeholder (not yet reviewed)
565,Colistin,Fentanyl,Unknown,Auto-filled placeholder (not yet reviewed)
566,Colistin,Furosemide,Unknown,Auto-filled placeholder (not yet reviewed)
567,Colistin,Metronidazole (Flagyl),Unknown,Auto-filled placeholder (not yet reviewed)
568,Colistin,Nimbex (Cisatracurium),Unknown,Auto-filled placeholder (not yet reviewed)
569,Colistin,Omeprazole,Unknown,Auto-filled placeholder (not yet reviewed)
570,Colistin,Penicillin G sodium,Unknown,Auto-filled placeholder (not yet reviewed)
571,Colistin,Phenobarbital,Unknown,Auto-filled placeholder (not yet reviewed)
572,Colistin,Phenytoin (Dilantin),Unknown,Auto-filled placeholder (not yet reviewed)
573,Colistin,Sul-am®,Unknown,Auto-filled placeholder (not yet reviewed)
574,Colistin,Sulbactam,Unknown,Auto-filled placeholder (not yet reviewed)
575,Colistin,Unasyn,Unknown,Auto-filled placeholder (not yet reviewed)
576,Dexamethasone,Dobutamine,Unknown,Auto-filled placeholder (not yet reviewed)
577,Dexamethasone,Dopamine,Unknown,Auto-filled placeholder (not yet reviewed)
578,Dexamethasone,Fentanyl,Unknown,Auto-filled placeholder (not yet reviewed)
579,Dexamethasone,Furosemide,Unknown,Auto-filled placeholder (not yet reviewed)
580,Dexamethasone,Metronidazole (Flagyl),Unknown,Auto-filled placeholder (not yet reviewed)
581,Dexamethasone,Nimbex (Cisatracurium),Unknown,Auto-filled placeholder (not yet reviewed)
582,Dexamethasone,Omeprazole,Unknown,Auto-filled placeholder (not yet reviewed)
583,Dexamethasone,Penicillin G sodium,Unknown,Auto-filled placeholder (not yet reviewed)
584,Dexamethasone,Phenobarbital,Unknown,Auto-filled placeholder (not yet reviewed)
585,Dexamethasone,Phenytoin (Dilantin),Unknown,Auto-filled placeholder (not yet reviewed)
586,Dexamethasone,Sul-am®,Unknown,Auto-filled placeholder (not yet reviewed)
587,Dexamethasone,Sulbactam,Unknown,Auto-filled placeholder (not yet reviewed)
588,Dexamethasone,Unasyn,Unknown,Auto-filled placeholder (not yet reviewed)
589,Dobutamine,Dopamine,Unknown,หลีกเลี่ยงผสมถ้าไม่จำเป็น (vasoactive)
590,Dobutamine,Fentanyl,Unknown,Auto-filled placeholder (not yet reviewed)
591,Dobutamine,Furosemide,Unknown,Auto-filled placeholder (not yet reviewed)
592,Dobutamine,Metronidazole (Flagyl),Unknown,Auto-filled placeholder (not yet reviewed)
593,Dobutamine,Nimbex (Cisatracurium),Unknown,Auto-filled placeholder (not yet reviewed)
594,Dobutamine,Omeprazole,Unknown,Auto-filled placeholder (not yet reviewed)
595,Dobutamine,Penicillin G sodium,Unknown,Auto-filled placeholder (not yet reviewed)
596,Dobutamine,Phenobarbital,Unknown,Auto-filled placeholder (not yet reviewed)
597,Dobutamine,Phenytoin (Dilantin),Unknown,Auto-filled placeholder (not yet reviewed)
598,Dobutamine,Sul-am®,Unknown,Auto-filled placeholder (not yet reviewed)
599,Dobutamine,Sulbactam,Unknown,Auto-filled placeholder (not yet reviewed)
600,Dobutamine,Unasyn,Unknown,Auto-filled placeholder (not yet reviewed)
601,Dopamine,Fentanyl,Unknown,Auto-filled placeholder (not yet reviewed)
602,Dopamine,Furosemide,Unknown,Auto-filled placeholder (not yet reviewed)
603,Dopamine,Metronidazole (Flagyl),Unknown,Auto-filled placeholder (not yet reviewed)
604,Dopamine,Nimbex (Cisatracurium),Unknown,Auto-filled placeholder (not yet reviewed)
605,Dopamine,Omeprazole,Unknown,Auto-filled placeholder (not yet reviewed)
606,Dopamine,Penicillin G sodium,Unknown,Auto-filled placeholder (not yet reviewed)
607,Dopamine,Phenobarbital,Unknown,Auto-filled placeholder (not yet reviewed)
608,Dopamine,Phenytoin (Dilantin),Unknown,Auto-filled placeholder (not yet reviewed)
609,Dopamine,Sul-am®,Unknown,Auto-filled placeholder (not yet reviewed)
610,Dopamine,Sulbactam,Unknown,Auto-filled placeholder (not yet reviewed)
611,Dopamine,Unasyn,Unknown,Auto-filled placeholder (not yet reviewed)
612,Fentanyl,Furosemide,Unknown,Auto-filled placeholder (not yet reviewed)
613,Fentanyl,Metronidazole (Flagyl),Unknown,Auto-filled placeholder (not yet reviewed)
614,Fentanyl,Nimbex (Cisatracurium),Unknown,ไม่พบข้อมูล Y-site ชัดเจน
615,Fentanyl,Omeprazole,Unknown,Auto-filled placeholder (not yet reviewed)
616,Fentanyl,Penicillin G sodium,Unknown,Auto-filled placeholder (not yet reviewed)
617,Fentanyl,Phenobarbital,Unknown,Auto-filled placeholder (not yet reviewed)
618,Fentanyl,Phenytoin (Dilantin),Unknown,Auto-filled placeholder (not yet reviewed)
619,Fentanyl,Sul-am®,Unknown,Auto-filled placeholder (not yet reviewed)
620,Fentanyl,Sulbactam,Unknown,Auto-filled placeholder (not yet reviewed)
621,Fentanyl,Unasyn,Unknown,Auto-filled placeholder (not yet reviewed)
622,Furosemide,Metronidazole (Flagyl),Unknown,Auto-filled placeholder (not yet reviewed)
623,Furosemide,Nimbex (Cisatracurium),Unknown,Auto-filled placeholder (not yet reviewed)
624,Furosemide,Omeprazole,Unknown,Auto-filled placeholder (not yet reviewed)
625,Furosemide,Penicillin G sodium,Unknown,Auto-filled placeholder (not yet reviewed)
626,Furosemide,Phenobarbital,Unknown,Auto-filled placeholder (not yet reviewed)
627,Furosemide,Phenytoin (Dilantin),Unknown,Auto-filled placeholder (not yet reviewed)
628,Furosemide,Sul-am®,Unknown,Auto-filled placeholder (not yet reviewed)
629,Furosemide,Sulbactam,Unknown,Auto-filled placeholder (not yet reviewed)
630,Furosemide,Unasyn,Unknown,Auto-filled placeholder (not yet reviewed)
631,Metronidazole (Flagyl),Nimbex (Cisatracurium),Unknown,Auto-filled placeholder (not yet reviewed)
632,Metronidazole (Flagyl),Omeprazole,Unknown,Auto-filled placeholder (not yet reviewed)
633,Metronidazole (Flagyl),Penicillin G sodium,Unknown,Auto-filled placeholder (not yet reviewed)
634,Metronidazole (Flagyl),Phenobarbital,Unknown,Auto-filled placeholder (not yet reviewed)
635,Metronidazole (Flagyl),Phenytoin (Dilantin),Unknown,Auto-filled placeholder (not yet reviewed)
636,Metronidazole (Flagyl),Sul-am®,Unknown,Auto-filled placeholder (not yet reviewed)
637,Metronidazole (Flagyl),Sulbactam,Unknown,Auto-filled placeholder (not yet reviewed)
638,Metronidazole (Flagyl),Unasyn,Unknown,Auto-filled placeholder (not yet reviewed)
639,Nimbex (Cisatracurium),Omeprazole,Unknown,Auto-filled placeholder (not yet reviewed)
640,Nimbex (Cisatracurium),Penicillin G sodium,Unknown,Auto-filled placeholder (not yet reviewed)
641,Nimbex (Cisatracurium),Phenobarbital,Unknown,Auto-filled placeholder (not yet reviewed)
642,Nimbex (Cisatracurium),Phenytoin (Dilantin),Unknown,Auto-filled placeholder (not yet reviewed)
643,Nimbex (Cisatracurium),Sul-am®,Unknown,Auto-filled placeholder (not yet reviewed)
644,Nimbex (Cisatracurium),Sulbactam,Unknown,Auto-filled placeholder (not yet reviewed)
645,Nimbex (Cisatracurium),Unasyn,Unknown,Auto-filled placeholder (not yet reviewed)
646,Omeprazole,Penicillin G sodium,Unknown,Auto-filled placeholder (not yet reviewed)
647,Omeprazole,Phenobarbital,Unknown,Auto-filled placeholder (not yet reviewed)
648,Omeprazole,Phenytoin (Dilantin),Unknown,Auto-filled placeholder (not yet reviewed)
649,Omeprazole,Sul-am®,Unknown,Auto-filled placeholder (not yet reviewed)
650,Omeprazole,Sulbactam,Unknown,Auto-filled placeholder (not yet reviewed)
651,Omeprazole,Unasyn,Unknown,Auto-filled placeholder (not yet reviewed)
652,Penicillin G sodium,Phenobarbital,Unknown,Auto-filled placeholder (not yet reviewed)
653,Penicillin G sodium,Phenytoin (Dilantin),Unknown,Auto-filled placeholder (not yet reviewed)
654,Penicillin G sodium,Sul-am®,Unknown,Auto-filled placeholder (not yet reviewed)
655,Penicillin G sodium,Sulbactam,Unknown,Auto-filled placeholder (not yet reviewed)
656,Penicillin G sodium,Unasyn,Unknown,Auto-filled placeholder (not yet reviewed)
657,Phenobarbital,Phenytoin (Dilantin),Unknown,Auto-filled placeholder (not yet reviewed)
658,Phenobarbital,Sul-am®,Unknown,Auto-filled placeholder (not yet reviewed)
659,Phenobarbital,Sulbactam,Unknown,Auto-filled placeholder (not yet reviewed)
660,Phenobarbital,Unasyn,Unknown,Auto-filled placeholder (not yet reviewed)
661,Phenytoin (Dilantin),Sul-am®,Unknown,Auto-filled placeholder (not yet reviewed)
662,Phenytoin (Dilantin),Sulbactam,Unknown,Auto-filled placeholder (not yet reviewed)
663,Phenytoin (Dilantin),Unasyn,Unknown,Auto-filled placeholder (not yet reviewed)
664,Sul-am®,Sulbactam,Unknown,Auto-filled placeholder (not yet reviewed)
665,Sul-am®,Unasyn,Unknown,Auto-filled placeholder (not yet reviewed)
666,Sulbactam,Unasyn,Unknown,Auto-filled placeholder (not yet reviewed)
